,epoch,loss,accuracy
0,1,0.509339083917439,88.0
1,2,0.3483274874743074,87.5
