,epoch,loss,accuracy
0,0,0.6940384308497111,0.5
1,1,0.5130959947903951,1.0
2,2,0.6387535134951273,0.5
3,3,0.23499447107315063,1.0
4,4,0.47420552372932434,1.0
5,5,1.1920928955078125e-06,1.0
6,6,1.5894571940104166e-07,1.0
7,7,7.947285970052083e-08,1.0
8,8,0.0,1.0
9,9,0.0,1.0
10,10,0.0,1.0
