,epoch,loss,accuracy
0,0,0.7964602336287498,0.0
1,1,1.7888878993690014,0.0
2,2,0.5590825043618679,75.0
