,epoch,loss,accuracy
0,1,2.8963771377291,0.6428571428571429
1,2,0.4246762841939926,0.9285714285714286
2,3,0.1548912525177002,0.9285714285714286
3,4,0.13614829523222788,0.9285714285714286
4,5,0.005091743809836251,1.0
5,6,5.653926304408482e-06,1.0
6,7,3.6443982805524555e-06,1.0
7,8,2.5204249790736607e-06,1.0
8,9,1.941408429827009e-06,1.0
9,10,1.4986310686383928e-06,1.0
